"landings","discards"
43.1538461538462,75.4615384615385
